direction,section,streetname1,streetname2,point_latitude,point_longitude
SW,BKN011,MANHATTAN AV,KENT ST,40.730701,-73.954559
N,BKN011,LORIMER ST,MESEROLE AV,40.727005,-73.953476
SW,BKN011,MANHATTAN AV,DUPONT ST,40.735714,-73.95533
E,BKN011,MANHATTAN AV,CALYER ST,40.728062,-73.953026
SE,BKN011,MANHATTAN AV,DUPONT ST,40.735752,-73.954933
NE,BKN011,MANHATTAN AV,GREENPOINT AV,40.730343,-73.954063
S,BKN011,N 11 ST,DRIGGS AV,40.719036,-73.953987
SE,BKN011,FRANKLIN ST,INDIA ST,40.731888,-73.957726
E,BKN011,BEDFORD AV,N 11 ST,40.720058,-73.955093
SE,BKN011,MANHATTAN AV,CLAY ST,40.736443,-73.955093
SE,BKN011,MANHATTAN AV,KENT ST,40.730747,-73.954155
N,BKN011,BEDFORD AV,N 10 ST,40.719677,-73.955978
W,BKN011,MANHATTAN AV,MESEROLE AV,40.727158,-73.952919
NW,BKN011,MANHATTAN AV,MILTON ST,40.72958,-73.954338
W,BKN011,MANHATTAN AV,NASSAU AV,40.723827,-73.950989
NE,BKN011,MANHATTAN AV,GREEN ST,40.733883,-73.954666
NE,BKN011,MANHATTAN AVE,HURON ST,40.733196,-73.954559
S,BKN011,WYTHE AV,N 11 ST,40.721581,-73.958031
SE,BKN011,FRANKLIN ST,MILTON ST,40.729042,-73.95726
E,BKN011,KENT AV,N 9 ST,40.721432,-73.960236
NW,BKN011,MANHATTAN AVE,JAVA ST,40.731743,-73.95472
W,BKN011,NORMAN AV,MANHATTAN AV,40.725525,-73.951988
NW,BKN011,MANHATTAN AV,FREEMAN ST,40.734585,-73.955185
W,BKN011,MANHATTAN AV,BEDFORD AV,40.72411,-73.951202
NE,BKN011,MANHATTAN AV,BOX ST,40.737473,-73.955208
NW,BKN011,GREENPOINT AV,FRANKLIN ST,40.73003,-73.957787
E,BKN011,MESEROLE AV,LORIMER ST,40.726768,-73.953354
NE,BKN011,FRANKLIN ST,HURON ST,40.732876,-73.957878
E,BKN011,N 9 ST,BEDFORD AV,40.718979,-73.956184
SE,BKN011,MANHATTAN AV,FREEMAN ST,40.734341,-73.95472
SE,BKN011,MANHATTAN AVE,GREEN ST,40.733631,-73.954628
SW,BKN011,MANHATTAN AV,CLAY ST,40.736416,-73.955467
NE,BKN011,FRANKLIN ST,NOBLE ST,40.728622,-73.957176
W,BKN011,MANHATTAN AV,CALYER ST,40.728165,-73.953629
SW,BKN011,MANHATTAN AV,JAVA ST,40.731434,-73.954674
SW,BKN011,MANHATTAN AV,NOBLE ST,40.728645,-73.953857
S,BKN011,N 10 ST,BEDFORD AV,40.719284,-73.955894
NW,BKN011,MANHATTAN AVE,INDIA ST,40.732452,-73.954811
S,BKN011,BEDFORD AV,N 12 ST,40.720402,-73.954712
SE,BKN011,MANHATTAN AVE,HURON ST,40.732906,-73.954498
NW,BKN011,MANHATTAN AV,KENT ST,40.731022,-73.95459
NE,BKN011,MANHATTAN AV,EAGLE ST,40.735325,-73.954895
SE,BKN011,MANHATTAN AV,JAVA ST,40.731468,-73.954269
SW,BKN011,GREENPOINT AV,FRANKLIN ST,40.729694,-73.957741
SW,BKN011,MANHATTAN AV,BOX ST,40.737118,-73.955612
SE,BKN011,FRANKLIN ST,GREEN ST,40.733295,-73.957977
S,BKN011,MANHATTAN AV,NASSAU AV,40.723568,-73.950882
NE,BKN011,MANHATTAN AV,KENT ST,40.731049,-73.954201
NW,BKN011,GREENPOINT AV,MANHATTAN AV,40.730316,-73.954437
E,BKN011,N 9 ST,DRIGGS AV,40.718159,-73.954971
NE,BKN011,FRANKLIN ST,KENT ST,40.730755,-73.95752
W,BKN011,N 11 ST,BEDFORD AV,40.720009,-73.955605
NW,BKN011,MANHATTAN AV,CLAY ST,40.736698,-73.955528
NE,BKN011,MANHATTAN AVE,INDIA ST,40.732479,-73.954437
N,BKN011,MANHATTAN AV,CALYER ST,40.728333,-73.953064
NW,BKN011,MANHATTAN AV,DUPONT ST,40.735989,-73.955376
SW,BKN011,MANHATTAN AVE,GREEN ST,40.733566,-73.954987
W,BKN011,N 10 ST,BEDFORD AV,40.719467,-73.956215
SW,BKN011,MANHATTAN AVE,INDIA ST,40.732132,-73.954788
SW,BKN011,MANHATTAN AV,FREEMAN ST,40.734299,-73.955124
NE,BKN011,FRANKLIN ST,OAK ST,40.727932,-73.957039
SW,BKN011,MANHATTAN AVE,HURON ST,40.732899,-73.954895
S,BKN011,MANHATTAN AV,NORMAN AV,40.725254,-73.951836
SE,BKN011,GREENPOINT AV,MANHATTAN AV,40.730064,-73.953972
NW,BKN011,MANHATTAN AV,GREEN ST,40.733849,-73.955048
N,BKN011,BEDFORD AV,N 11 ST,40.720257,-73.955338
NW,BKN011,NORMAN AV,MC GUINNESS BLVD,40.726357,-73.949486
NW,BKN011,MANHATTAN AV,EAGLE ST,40.735283,-73.955284
S,BKN011,N 11 ST,BEDFORD AV,40.719849,-73.955315
NE,BKN011,MANHATTAN AV,DUPONT ST,40.736015,-73.955017
S,BKN011,MANHATTAN AV,MESEROLE AV,40.72694,-73.952759
SW,BKN011,MANHATTAN AV,EAGLE ST,40.735008,-73.955223
N,BKN011,NORMAN AV,MANHATTAN AV,40.725636,-73.951622
NE,BKN011,FRANKLIN ST,FREEMAN ST,40.734295,-73.958115
E,BKN011,MANHATTAN AV,MESEROLE AV,40.727009,-73.952446
NE,BKN011,MANHATTAN AV,FREEMAN ST,40.734585,-73.954781
SW,BKN011,GREENPOINT AV,MANHATTAN AV,40.730015,-73.954353
W,BKN011,DRIGGS AV,N 11 ST,40.71925,-73.954315
SW,BKN011,MANHATTAN AV,MILTON ST,40.729336,-73.954178
SE,BKN011,FRANKLIN ST,JAVA ST,40.731174,-73.957603
E,BKN011,BEDFORD AV,N 10 ST,40.71949,-73.955696
W,BKN011,N 12 ST,BEDFORD AV,40.720581,-73.955017
N,BKN011,BEDFORD AV,N 9 ST,40.719131,-73.956543
N,BKN011,MANHATTAN AV,MESEROLE AV,40.727261,-73.952614
NW,BKN011,MANHATTAN AVE,HURON ST,40.733158,-73.954926
NE,BKN011,MANHATTAN AV,CLAY ST,40.736717,-73.955147
NE,BKN011,MANHATTAN AVE,JAVA ST,40.731766,-73.9543
SE,BKN011,MANHATTAN AV,EAGLE ST,40.735031,-73.954811
S,BKN011,MANHATTAN AV,CALYER ST,40.727921,-73.953468
SE,BKN011,MANHATTAN AVE,INDIA ST,40.732147,-73.954346
S,BKN012,N 7 ST,BEDFORD AV,40.717625,-73.957687
N,BKN012,BEDFORD AV,S 2 ST,40.713413,-73.962158
W,BKN012,DRIGGS AV,N 6 ST,40.716446,-73.957291
E,BKN012,METROPOLITAN AV,DRIGGS AV,40.714897,-73.958504
S,BKN012,DRIGGS AV,N 7 ST,40.71677,-73.956268
S,BKN012,KENT AV,N 8 ST,40.720665,-73.96109
S,BKN012,N 5 ST,BEDFORD AV,40.716534,-73.958885
NE,BKN012,BROADWAY,DRIGGS AV,40.710011,-73.962105
SE,BKN012,WYTHE AV,S 6 ST,40.711136,-73.966278
W,BKN012,KENT AV,N 6 ST,40.719734,-73.962593
NW,BKN012,S 4 ST,HAVEMEYER ST,40.710472,-73.958481
E,BKN012,BEDFORD AV,N 6 ST,40.717297,-73.958069
W,BKN012,HOPE ST,HAVEMEYER ST,40.713249,-73.956703
N,BKN012,N 7 ST,DRIGGS AV,40.717197,-73.956467
N,BKN012,GRAND ST,BEDFORD AV,40.714684,-73.961395
W,BKN012,N 8 ST,BEDFORD AV,40.718361,-73.957344
E,BKN012,BEDFORD AV,N 8 ST,40.718384,-73.956886
SE,BKN012,KENT AV,S 3 ST,40.713787,-73.967033
NE,BKN012,GRAND ST,GRAND ST,40.711056,-73.95179
W,BKN012,GRAND ST,DRIGGS AV,40.713886,-73.96019
E,BKN012,GRAND ST,BEDFORD AV,40.714542,-73.961014
SW,BKN012,METROPOLITAN AV,UNION AV,40.713947,-73.951767
S,BKN012,DRIGGS AV,N 6 ST,40.716278,-73.956985
SW,BKN012,METROPOLITAN AV,LORIMER ST,40.713913,-73.949493
W,BKN012,BEDFORD AV,N 9 ST,40.718925,-73.956757
E,BKN012,BROADWAY,HAVEMEYER ST,40.70895,-73.959
SW,BKN012,WYTHE AV,S 3 ST,40.713383,-73.965729
S,BKN012,BERRY ST,N 8 ST,40.719013,-73.958397
S,BKN012,METROPOLITAN AV,BEDFORD AV,40.715149,-73.960373
N,BKN012,KENT AV,N 6 ST,40.71994,-73.962318
S,BKN012,S 4 ST,BEDFORD AV,40.711731,-73.962868
E,BKN012,BROADWAY,KEAP ST,40.707592,-73.955177
W,BKN012,BEDFORD AV,S 1 ST,40.713852,-73.961891
N,BKN012,BEDFORD AV,N 4 ST,40.716347,-73.959549
E,BKN012,BEDFORD AV,S 1 ST,40.713951,-73.961456
NE,BKN012,GRAND ST,UNION AV,40.711128,-73.95092
E,BKN012,S 4 ST,BEDFORD AV,40.711948,-73.962715
NE,BKN012,BORINQUEN PL,HAVEMEYER ST,40.710499,-73.958031
NE,BKN012,BROADWAY,WYTHE AV,40.710716,-73.966377
W,BKN012,BERRY ST,N 3 ST,40.716301,-73.961731
W,BKN012,N 9 ST,DRIGGS AV,40.718143,-73.955521
N,BKN012,S 4 ST,BEDFORD AV,40.712067,-73.963036
W,BKN012,N 5 ST,BEDFORD AV,40.716682,-73.959145
N,BKN012,BERRY ST,N 6 ST,40.718349,-73.959549
N,BKN012,N 5 ST,BEDFORD AV,40.716881,-73.958946
W,BKN012,KENT AV,N 7 ST,40.720299,-73.961983
S,BKN012,GRAND ST,DRIGGS AV,40.713676,-73.959625
N,BKN012,BEDFORD AV,N 7 ST,40.718025,-73.957741
S,BKN012,S 2 ST,BEDFORD AV,40.713078,-73.96199
NW,BKN012,GRAND ST,UNION AV,40.711075,-73.951294
W,BKN012,BEDFORD AV,S 3 ST,40.712456,-73.962753
N,BKN012,KENT AV,N 3 ST,40.718273,-73.964157
E,BKN012,KENT AV,N 7 ST,40.720318,-73.961418
E,BKN012,BEDFORD AV,N 7 ST,40.717846,-73.957481
S,BKN012,N 6 ST,BEDFORD AV,40.717094,-73.958298
NE,BKN012,BROADWAY,BEDFORD AV,40.710571,-73.9636
N,BKN012,BEDFORD AV,S 1 ST,40.71405,-73.961754
SW,BKN012,LORIMER ST,MAUJER ST,40.710236,-73.948952
E,BKN012,BROADWAY,HOOPER ST,40.707108,-73.953751
N,BKN012,GRAND ST,ROEBLING ST,40.713493,-73.958435
E,BKN012,BEDFORD AV,N 5 ST,40.716736,-73.958679
N,BKN012,BERRY ST,N 3 ST,40.716629,-73.961372
E,BKN012,DRIGGS AV,N 6 ST,40.716492,-73.956779
W,BKN012,KENT AV,N 5 ST,40.719196,-73.963142
N,BKN012,KENT AV,N 5 ST,40.719398,-73.962914
SE,BKN012,UNION AV,GRAND ST,40.710819,-73.950882
N,BKN012,N 8 ST,BEDFORD AV,40.718571,-73.957138
E,BKN012,N 4 ST,BEDFORD AV,40.716179,-73.959282
S,BKN012,BERRY ST,N 6 ST,40.717804,-73.959694
W,BKN012,METROPOLITAN AV,BEDFORD AV,40.715279,-73.960686
W,BKN012,BEDFORD AV,N 6 ST,40.717258,-73.958557
W,BKN012,METROPOLITAN AV,DRIGGS AV,40.714714,-73.959152
S,BKN012,S 3 ST,BEDFORD AV,40.712349,-73.962471
W,BKN012,BEDFORD AV,N 7 ST,40.717827,-73.957993
W,BKN012,GRAND ST,BEDFORD AV,40.714436,-73.961525
SE,BKN012,UNION AV,METROPOLITAN AV,40.713947,-73.951416
S,BKN012,BEDFORD AV,N 4 ST,40.716053,-73.959518
N,BKN012,BROADWAY,MARCY AV,40.708637,-73.958107
E,BKN012,KENT AV,N 8 ST,40.720829,-73.960739
S,BKN012,GRAND ST,BEDFORD AV,40.71431,-73.961212
W,BKN012,BEDFORD AV,S 2 ST,40.7132,-73.962288
NW,BKN012,BROADWAY,DRIGGS AV,40.710133,-73.962379
E,BKN012,GRAND ST,DRIGGS AV,40.713875,-73.959427
S,BKN012,BEDFORD AV,S 1 ST,40.713722,-73.961594
N,BKN012,METROPOLITAN AV,DRIGGS AV,40.714973,-73.958878
W,BKN012,BEDFORD AV,S 4 ST,40.711819,-73.963158
W,BKN012,ROEBLING ST,S 1 ST,40.712769,-73.958885
E,BKN012,DRIGGS AV,N 7 ST,40.716946,-73.956078
W,BKN012,BEDFORD AV,N 4 ST,40.716152,-73.959702
S,BKN012,N 9 ST,BEDFORD AV,40.718746,-73.956497
W,BKN012,DRIGGS AV,N 7 ST,40.717087,-73.956787
NW,BKN012,GRAND ST,LORIMER ST,40.711304,-73.949074
E,BKN012,ROEBLING ST,GRAND ST,40.713387,-73.958122
E,BKN012,METROPOLITAN AV,BEDFORD AV,40.715305,-73.960251
W,BKN012,WYTHE AV,N 6 ST,40.718952,-73.961304
NW,BKN012,WYTHE AV,S 3 ST,40.713696,-73.965622
N,BKN012,N 6 ST,BEDFORD AV,40.717445,-73.958336
W,BKN012,KENT AV,N 4 PL,40.718632,-73.96376
N,BKN012,METROPOLITAN AV,BEDFORD AV,40.715431,-73.960487
S,BKN012,WYTHE AV,N 6 ST,40.718769,-73.960999
E,BKN012,S 3 ST,BEDFORD AV,40.712559,-73.962326
S,BKN012,BEDFORD AV,N 8 ST,40.718201,-73.957092
N,BKN012,DRIGGS AV,N 6 ST,40.71666,-73.957054
NE,BKN012,UNION AV,BROADWAY,40.705513,-73.950027
NE,BKN012,KENT AV,S 4 ST,40.713367,-73.967239
N,BKN012,BROADWAY,HOOPER ST,40.70723,-73.954117
E,BKN012,BEDFORD AV,S 2 ST,40.713314,-73.961853
E,BKN012,BROADWAY,MARCY AV,40.70842,-73.95755
SE,BKN012,METROPOLITAN AV,HAVEMEYER ST,40.713821,-73.955994
N,BKN012,KENT AV,N 7 ST,40.720551,-73.961746
SE,BKN013,KINGSLAND AV,SKILLMAN AV,40.716282,-73.939949
NW,BKN013,METROPOLITAN AV,UNION AV,40.714176,-73.952034
NE,BKN013,METROPOLITAN AV,LEONARD ST,40.714447,-73.947525
SE,BKN013,NASSAU AV,MONITOR ST,40.725601,-73.942398
NE,BKN013,UNION AV,METROPOLITAN AV,40.714203,-73.951454
N,BKN013,MANHATTAN AV,NASSAU AV,40.724133,-73.950737
NW,BKN013,METROPOLITAN AV,UNION AV,40.714195,-73.951782
S,BKN013,UNION AV,MEEKER AV,40.714642,-73.952072
SE,BKN013,GRAHAM AV,SKILLMAN AV,40.715813,-73.944366
NE,BKN013,METROPOLITAN AV,MANHATTAN AVE,40.71452,-73.945869
SW,BKN013,WOODPOINT RD,FROST ST,40.718334,-73.940979
NE,BKN013,NASSAU AV,MONITOR ST,40.725937,-73.942497
NE,BKN013,METROPOLITAN AV,MEEKER AV,40.714172,-73.952385
NW,BKN013,NASSAU AV,MONITOR ST,40.725929,-73.942863
NW,BKN013,METROPOLITAN AV,MANHATTAN AVE,40.714485,-73.946274
NE,BKN013,MASPETH AV,KINGSLAND AV,40.715977,-73.93988
NE,BKN013,GRAHAM AV,JACKSON ST,40.716866,-73.944534
SE,BKN013,NASSAU AV,RUSSELL ST,40.725475,-73.944221
NW,BKN013,GRAHAM AV,CONSELYEA ST,40.715336,-73.944695
E,BKN013,MANHATTAN AV,NASSAU AV,40.72369,-73.950493
SW,BKN013,NASSAU AV,KINGSLAND AV,40.72567,-73.941902
E,BKN013,NASSAU AV,MC GUINNESS BLVD,40.724556,-73.947815
S,BKN013,NASSAU AV,LEONARD ST,40.723793,-73.950027
NE,BKN013,DRIGGS AV,RUSSELL ST,40.723347,-73.943863
N,BKN013,MANHATTAN AV,NASSAU AV,40.723946,-73.950638
N,BKN013,NASSAU AV,MC GUINNESS BLVD,40.724937,-73.947968
S,BKN013,NASSAU AV,DIAMOND ST,40.724983,-73.946671
NW,BKN013,METROPOLITAN AV,LORIMER ST,40.714191,-73.949577
E,BKN013,NASSAU AV,LEONARD ST,40.723911,-73.949593
S,BKN013,NASSAU AV,ECKFORD ST,40.72414,-73.949181
NE,BKN013,UNION AV,BAYARD ST,40.71909,-73.952133
NE,BKN013,METROPOLITAN AV,MEEKER AV,40.714268,-73.952492
SE,BKN013,GRAHAM AV,WITHERS ST,40.717197,-73.944626
W,BKN013,NASSAU AV,ECKFORD ST,40.724419,-73.949394
NW,BKN013,GRAHAM AV,METROPOLITAN AV,40.71463,-73.944595
W,BKN013,NASSAU AV,LEONARD ST,40.724125,-73.950249
SW,BKN013,NORMAN AV,MC GUINNESS BLVD,40.726032,-73.949303
N,BKN013,MANHATTAN AV,DRIGGS AV,40.722431,-73.949646
NW,BKN013,BAYARD ST,LEONARD ST,40.719414,-73.948837
N,BKN013,NASSAU AV,LEONARD ST,40.724297,-73.949799
E,BKN013,NASSAU AV,ECKFORD ST,40.724224,-73.948822
E,BKN013,NASSAU AV,DIAMOND ST,40.725071,-73.946335
NW,BKN013,DRIGGS AV,MONITOR ST,40.723469,-73.942482
W,BKN013,NASSAU AV,MC GUINNESS BLVD,40.724701,-73.948547
NW,BKN013,GRAHAM AV,WITHERS ST,40.717476,-73.945061
NE,BKN013,METROPOLITAN AV,LORIMER ST,40.714203,-73.949219
NE,BKN013,METROPOLITAN AV,GRAHAM AV,40.714653,-73.944199
E,BKN013,NORMAN AV,MANHATTAN AV,40.725235,-73.951385
SW,BKN013,NASSAU AV,MONITOR ST,40.725651,-73.942772
S,BKN013,NASSAU AV,MC GUINNESS BLVD,40.724354,-73.948326
N,BKN013,NASSAU AV,ECKFORD ST,40.724533,-73.94899
SW,BKN013,GRAHAM AV,FROST ST,40.717922,-73.945129
S,BKN013,UNION AV,MEEKER AV,40.714729,-73.951874
SE,BKN013,NASSAU AV,SUTTON ST,40.725842,-73.940498
NE,BKN013,GRAHAM AV,FROST ST,40.718235,-73.944748
NW,BKN013,NASSAU AV,KINGSLAND AV,40.726013,-73.94191
SW,BKN013,GRAHAM AV,SKILLMAN AV,40.715782,-73.944756
E,BKN014,LEE AV,HEYWARD ST,40.701916,-73.955421
E,BKN014,KEAP ST,LEE AV,40.70472,-73.958664
NW,BKN014,ROEBLING ST,S 8 ST,40.70932,-73.961014
SE,BKN014,COOK ST,MANHATTAN AV,40.702087,-73.943825
S,BKN014,LORIMER ST,BROADWAY,40.70396,-73.947815
S,BKN014,LEE AV,WILLIAMSBURG ST E,40.704575,-73.958824
W,BKN014,BROADWAY,MARCY AV,40.708393,-73.958237
S,BKN014,LYNCH ST,LEE AV,40.701134,-73.955101
SE,BKN014,UNION AV,BROADWAY,40.705097,-73.949936
S,BKN014,BROADWAY,THORNTON ST,40.701244,-73.943008
S,BKN014,LEE AV,PENN ST,40.702808,-73.956924
S,BKN014,BROADWAY,MARCY AV,40.70821,-73.95771
W,BKN014,RUTLEDGE ST,LEE AV,40.70253,-73.95665
W,BKN014,LEE AV,WILLIAMSBURG ST W,40.705162,-73.959511
SW,BKN014,BROADWAY,BERRY ST,40.710354,-73.965698
S,BKN014,LEE AV,WILSON ST,40.706257,-73.960785
SE,BKN014,MARCY AV,WILLIAMSBURG ST W,40.70694,-73.958305
N,BKN014,LEE AV,ROSS ST,40.706062,-73.960045
S,BKN014,LEE AV,ROSS ST,40.705688,-73.960114
N,BKN014,LEE AV,RUTLEDGE ST,40.702686,-73.956337
W,BKN014,LEE AV,HEWES ST,40.703667,-73.95787
SE,BKN014,BROADWAY,BERRY ST,40.71032,-73.965355
SW,BKN014,BROADWAY,BEDFORD AV,40.709988,-73.964088
W,BKN014,BROADWAY,HEYWARD ST,40.705532,-73.950661
W,BKN014,BROADWAY,HAVEMEYER ST,40.708847,-73.959587
SE,BKN014,UNION AV,BROADWAY,40.705151,-73.95002
N,BKN014,LEE AV,LYNCH ST,40.701607,-73.955093
N,BKN014,PENN ST,LEE AV,40.703358,-73.957108
E,BKN014,LEE AV,RUTLEDGE ST,40.702461,-73.956047
W,BKN014,HEYWARD ST,LEE AV,40.701962,-73.956032
S,BKN014,BROADWAY,RUTLEDGE ST,40.705734,-73.951111
N,BKN014,LEE AV,WILLIAMSBURG ST W,40.705418,-73.959351
W,BKN014,BROADWAY,THORNTON ST,40.701488,-73.943459
W,BKN014,LEE AV,WILSON ST,40.706516,-73.961128
W,BKN014,LEE AV,HOOPER ST,40.704227,-73.958527
NW,BKN014,ROEBLING ST,S 9 ST,40.7085,-73.961189
SE,BKN014,BROADWAY,BERRY ST,40.710167,-73.965401
SW,BKN014,BROADWAY,BERRY ST,40.710182,-73.965714
E,BKN014,LEE AV,ROSS ST,40.705856,-73.959839
SW,BKN014,BROADWAY,DRIGGS AV,40.709843,-73.962517
S,BKN014,HEYWARD ST,LEE AV,40.701694,-73.955742
S,BKN014,BROADWAY,THORNTON ST,40.701157,-73.942879
W,BKN014,BROADWAY,WHIPPLE ST,40.701916,-73.944199
SW,BKN014,BROADWAY,BEDFORD AV,40.710171,-73.964081
NE,BKN014,WYTHE AV,S 8 ST,40.709942,-73.966812
S,BKN014,LEE AV,RUTLEDGE ST,40.702274,-73.956367
S,BKN014,BROADWAY,HAVEMEYER ST,40.708656,-73.959015
N,BKN014,LEE AV,HEWES ST,40.703796,-73.957626
E,BKN014,ROEBLING ST,LEE AV,40.706982,-73.961136
W,BKN014,BROADWAY,LORIMER ST,40.704163,-73.948166
N,BKN014,WILSON ST,LEE AV,40.706642,-73.960716
W,BKN014,LEE AV,ROSS ST,40.70591,-73.960342
SE,BKN014,WALLABOUT ST,LEE AV,40.699986,-73.953468
E,BKN014,WILSON ST,LEE AV,40.70644,-73.960464
W,BKN014,FLUSHING AV,BROADWAY,40.700821,-73.942276
SW,BKN015,GRAHAM AV,MOORE ST,40.703575,-73.942772
NE,BKN015,GRAHAM AV,MAUJER ST,40.711056,-73.943611
NE,BKN015,GRAHAM AV,VARET ST,40.703392,-73.942322
NW,BKN015,GRAHAM AV,MOORE ST,40.703892,-73.942818
SE,BKN015,LORIMER ST,MONTROSE AV,40.706699,-73.948036
NW,BKN015,GRAND ST,HUMBOLDT ST,40.711899,-73.942429
NW,BKN015,GRAND ST,LEONARD ST,40.71146,-73.947464
SE,BKN015,METROPOLITAN AV,LEONARD ST,40.714081,-73.947395
SW,BKN015,GRAHAM AV,METROPOLITAN AV,40.714375,-73.94455
SW,BKN015,GRAHAM AV,DEBEVOISE ST,40.701439,-73.942398
SE,BKN015,GRAHAM AV,VARET ST,40.702908,-73.942253
SW,BKN015,GRAHAM AV,VARET ST,40.702877,-73.94265
SE,BKN015,GRAND ST,LORIMER ST,40.711056,-73.948692
NE,BKN015,GRAND ST,BUSHWICK AV,40.712124,-73.940552
SE,BKN015,METROPOLITAN AV,GRAHAM AV,40.714436,-73.943924
SW,BKN015,GRAHAM AV,MC KIBBIN ST,40.705013,-73.94297
SW,BKN015,GRAHAM AV,SCHOLES ST,40.708607,-73.943634
NW,BKN015,GRAHAM AV,BOERUM ST,40.706013,-73.943214
SW,BKN015,GRAHAM AV,COOK ST,40.702183,-73.942528
SE,BKN015,MANHATTAN AVE,BOERUM ST,40.705624,-73.944458
SW,BKN015,GRAHAM AV,MC KIBBIN ST,40.704845,-73.94297
NE,BKN015,GRAHAM AV,SEIGEL ST,40.704632,-73.942574
N,BKN015,BROADWAY,FLUSHING AV,40.700916,-73.941917
NE,BKN015,GRAND ST,HUMBOLDT ST,40.711922,-73.942055
SE,BKN015,GRAHAM AV,MOORE ST,40.703602,-73.942375
NE,BKN015,GRAHAM AV,BOERUM ST,40.706024,-73.94278
NW,BKN015,GRAHAM AV,MAUJER ST,40.710991,-73.944
NW,BKN015,GRAHAM AV,VARET ST,40.703148,-73.942688
SE,BKN015,GRAHAM AV,JOHNSON AV,40.706425,-73.942848
NW,BKN015,GRAHAM AV,MESEROLE ST,40.708195,-73.943558
NE,BKN015,GRAHAM AV,DEBEVOISE ST,40.701782,-73.942062
NW,BKN015,GRAHAM AV,VARET ST,40.703369,-73.942719
NE,BKN015,GRAHAM AV,MOORE ST,40.703934,-73.942436
SE,BKN015,GRAND ST,MANHATTAN AV,40.711346,-73.945358
SW,BKN015,GRAHAM AV,SEIGEL ST,40.704319,-73.942863
SE,BKN015,GRAHAM AV,SCHOLES ST,40.708687,-73.943176
NW,BKN015,GRAHAM AV,AINSLIE ST,40.713169,-73.944489
NE,BKN015,GRAHAM AV,AINSLIE ST,40.713211,-73.943977
SW,BKN015,GRAHAM AV,JOHNSON AV,40.706406,-73.943253
NW,BKN015,GRAHAM AV,DEBEVOISE ST,40.701767,-73.942467
SE,BKN015,GRAHAM AV,DEBEVOISE ST,40.701485,-73.942009
N,BKN015,BROADWAY,GRAHAM AVE,40.701241,-73.942345
N,BKN015,BROADWAY,GRAHAM AVE,40.701275,-73.942551
NW,BKN015,GRAHAM AV,MC KIBBIN ST,40.705475,-73.943085
NE,BKN015,GRAHAM AV,VARET ST,40.703201,-73.942314
NE,BKN015,GRAHAM AV,COOK ST,40.702496,-73.94223
SW,BKN015,METROPOLITAN AV,MANHATTAN AV,40.714203,-73.94622
NW,BKN015,GRAHAM AV,SEIGEL ST,40.704597,-73.94294
SE,BKN015,GRAHAM AV,MC KIBBIN ST,40.705029,-73.942642
NE,BKN015,GRAND ST,MANHATTAN AV,40.711639,-73.945419
NW,BKN015,GRAHAM AV,MONTROSE AV,40.707481,-73.943398
SE,BKN015,GRAND ST,GRAHAM AV,40.711536,-73.943703
SE,BKN015,GRAHAM AV,AINSLIE ST,40.713001,-73.943924
N,BKN015,BROADWAY,DEBEVOISE ST,40.70171,-73.943092
W,BKN015,BROADWAY,THORNTON ST,40.701401,-73.943306
SW,BKN015,GRAND ST,LEONARD ST,40.711163,-73.947411
NE,BKN015,GRAHAM AV,MC KIBBIN ST,40.705307,-73.942673
SE,BKN015,GRAND ST,BUSHWICK AV,40.71188,-73.940269
N,BKN015,BROADWAY,GRAHAM AVE,40.701073,-73.942307
SW,BKN015,LEONARD ST,MONTROSE AV,40.706825,-73.94664
SW,BKN015,GRAND ST,GRAHAM AV,40.711498,-73.944038
NE,BKN015,GRAND ST,LORIMER ST,40.711308,-73.948753
NE,BKN015,GRAHAM AV,SEIGEL ST,40.704815,-73.942604
NE,BKN015,GRAHAM AV,POWERS ST,40.712513,-73.943848
NE,BKN015,LORIMER ST,BOERUM ST,40.70557,-73.947861
SW,BKN015,GRAHAM AV,MESEROLE ST,40.707878,-73.943489
NW,BKN015,GRAHAM AV,COOK ST,40.70266,-73.942604
NW,BKN015,LEONARD ST,BOERUM ST,40.705742,-73.946426
SE,BKN015,MONTROSE AV,GRAHAM AV,40.707172,-73.942955
SE,BKN015,METROPOLITAN AV,LORIMER ST,40.713932,-73.949142
SE,BKN015,GRAHAM AV,MESEROLE ST,40.707905,-73.943092
NW,BKN015,GRAND ST,BUSHWICK AV,40.712032,-73.941055
NW,BKN015,GRAHAM AV,COOK ST,40.70248,-73.942589
NW,BKN015,GRAHAM AV,MC KIBBIN ST,40.705292,-73.943039
SE,BKN015,GRAHAM AV,SEIGEL ST,40.704346,-73.942528
SE,BKN015,GRAHAM AV,COOK ST,40.702198,-73.942154
NE,BKN015,GRAHAM AV,DEVOE ST,40.713943,-73.944092
NE,BKN015,GRAHAM AV,MESEROLE ST,40.708244,-73.943138
NE,BKN015,GRAHAM AV,MONTROSE AV,40.7075,-73.943001
E,BKN015,BROADWAY,DEBEVOISE ST,40.701462,-73.942924
SW,BKN015,GRAHAM AV,BOERUM ST,40.705696,-73.94313
NW,BKN015,GRAND ST,MANHATTAN AV,40.711597,-73.9459
NW,BKN015,GRAHAM AV,DEVOE ST,40.713943,-73.944489
NE,BKN015,GRAND ST,GRAHAM AV,40.711788,-73.943779
SW,BKN015,GRAND ST,BUSHWICK AV,40.7118,-73.940781
SW,BKN015,GRAND ST,MANHATTAN AV,40.711315,-73.945747
